date,year,industry,unemployed,share
2008-09-01,2008,Manufacturing,984,0.117156804381
2008-09-01,2008,Leisure and hospitality,1029,0.12251458507
2008-09-01,2008,Construction,970,0.115489939278
2008-10-01,2008,Manufacturing,1007,0.115947035118
2008-10-01,2008,Leisure and hospitality,1126,0.129648819804
2008-10-01,2008,Construction,1078,0.124122049511
2008-11-01,2008,Manufacturing,1144,0.122720446256
2008-11-01,2008,Leisure and hospitality,1283,0.137631409569
2008-11-01,2008,Construction,1237,0.13269684617
2008-12-01,2008,Manufacturing,1315,0.127323780015
2008-12-01,2008,Leisure and hospitality,1210,0.117157242448
2008-12-01,2008,Construction,1438,0.139233152595
2009-01-01,2009,Manufacturing,1711,0.13860985094
2009-01-01,2009,Leisure and hospitality,1487,0.12046338302
2009-01-01,2009,Construction,1744,0.141283214517
2009-02-01,2009,Manufacturing,1822,0.14156954157
2009-02-01,2009,Leisure and hospitality,1477,0.114763014763
2009-02-01,2009,Construction,2025,0.157342657343
2009-03-01,2009,Manufacturing,1912,0.145399239544
2009-03-01,2009,Leisure and hospitality,1484,0.112851711027
2009-03-01,2009,Construction,1979,0.150494296578
2009-04-01,2009,Manufacturing,1968,0.157932750181
2009-04-01,2009,Leisure and hospitality,1322,0.106091003932
2009-04-01,2009,Construction,1737,0.139394912126
2009-05-01,2009,Manufacturing,2010,0.154401597788
2009-05-01,2009,Leisure and hospitality,1599,0.122829927792
2009-05-01,2009,Construction,1768,0.135811952681
2009-06-01,2009,Manufacturing,2010,0.147037307974
2009-06-01,2009,Leisure and hospitality,1688,0.123482077542
2009-06-01,2009,Construction,1601,0.117117776152
2009-07-01,2009,Manufacturing,1988,0.143755875334
2009-07-01,2009,Leisure and hospitality,1600,0.115698893629
2009-07-01,2009,Construction,1687,0.12199002097
2009-08-01,2009,Manufacturing,1866,0.137094996694
2009-08-01,2009,Leisure and hospitality,1636,0.120196899567
2009-08-01,2009,Construction,1542,0.113290720741
2009-09-01,2009,Manufacturing,1876,0.139895600298
2009-09-01,2009,Leisure and hospitality,1469,0.109545115585
2009-09-01,2009,Construction,1594,0.118866517524
2009-10-01,2009,Manufacturing,1884,0.13963830418
2009-10-01,2009,Leisure and hospitality,1604,0.118885265342
2009-10-01,2009,Construction,1744,0.129261784761
2009-11-01,2009,Manufacturing,1882,0.142478613067
2009-11-01,2009,Leisure and hospitality,1524,0.115375880082
2009-11-01,2009,Construction,1780,0.134756605345
2009-12-01,2009,Manufacturing,1747,0.127564804673
2009-12-01,2009,Leisure and hospitality,1624,0.118583424608
2009-12-01,2009,Construction,2044,0.149251551661
2010-01-01,2010,Manufacturing,1918,0.126809917355
2010-01-01,2010,Leisure and hospitality,1804,0.119272727273
2010-01-01,2010,Construction,2194,0.14505785124
2010-02-01,2010,Manufacturing,1814,0.121030157459
2010-02-01,2010,Leisure and hospitality,1597,0.106551908193
2010-02-01,2010,Construction,2440,0.16279690419
