date,ticker,open,high,low,close,volume,week
2026-07-13,AAPL,317.015,323.45,315.78,317.31,43257800,2026-07-13
2026-07-14,AAPL,313.76,316.19,311.91,314.86,36336830,2026-07-13
2026-07-15,AAPL,317.615,328.73,317.32,327.5,60957640,2026-07-13
2026-07-16,AAPL,328.005,334.68,326.79,333.26,62970620,2026-07-13
2026-07-17,AAPL,331.98,334.99,329.0006,333.74,63407060,2026-07-13
2026-07-20,AAPL,333.505,333.71,323.68,326.59,53468010,2026-07-20
2026-07-21,AAPL,323.13,329.6,322.2204,327.74,41338920,2026-07-20
2026-07-22,AAPL,327.87,328.9995,323.34,325.89,38755930,2026-07-20
2026-07-23,AAPL,321.73,323.3,319.35,321.66,40840780,2026-07-20
2026-07-24,AAPL,321.79,334.37,321.62,333.02,47489420,2026-07-20
2026-07-27,AAPL,334.54,339.57,334.02,336.91,49604300,2026-07-27
2026-07-28,AAPL,340.03,342.89,335.6,340.08,51859040,2026-07-27
2026-07-29,AAPL,339.73,344.5699,337.3501,338.19,56090840,2026-07-27
2026-07-30,AAPL,333.1,334.75,329.59,333.43,74817790,2026-07-27
2026-07-31,AAPL,304.81,310.69,300,308.91,132489100,2026-07-27
2026-08-03,AAPL,309.58,311.8,302.56,303.42,75051950,2026-08-03
2026-08-04,AAPL,302.725,310.42,301.32,309.38,68000970,2026-08-03
2026-08-05,AAPL,309.36,311.71,305.67,311,49438760,2026-08-03
2026-08-06,AAPL,314.34,316.2894,309.23,312.41,46139900,2026-08-03
2026-08-07,AAPL,311.45,314.81,310.74,313.33,34437190,2026-08-03
2026-07-13,GOOG,353.99,355.75,349.82,350.67,10583510,2026-07-13
2026-07-14,GOOG,348.84,357.88,348.84,357.33,11252560,2026-07-13
2026-07-15,GOOG,356.01,372.14,355.67,370.21,20258170,2026-07-13
2026-07-16,GOOG,372.17,374.35,351.6701,353.81,23603710,2026-07-13
2026-07-17,GOOG,345.77,348.17,341.125,346.12,22023950,2026-07-13
2026-07-20,GOOG,350.17,359.49,350.005,351.37,13203260,2026-07-20
2026-07-21,GOOG,350.56,350.74,346.01,346.19,17419520,2026-07-20
2026-07-22,GOOG,347.18,349.45,341.64,341.91,23273840,2026-07-20
2026-07-23,GOOG,321.63,324.45,314.89,318.34,46751950,2026-07-20
2026-07-24,GOOG,318.3,323.98,317.5,319.09,21630770,2026-07-20
2026-07-27,GOOG,324.74,330.1014,324.41,326.57,21419630,2026-07-27
2026-07-28,GOOG,327.8,335.21,324.54,332.6,20986950,2026-07-27
2026-07-29,GOOG,333.5,341.98,330.4079,335.76,20242940,2026-07-27
2026-07-30,GOOG,333.08,335.45,329.82,333.68,17309470,2026-07-27
2026-07-31,GOOG,340.07,358.88,339.16,356.65,30514550,2026-07-27
2026-08-03,GOOG,365.3,376.1,363.26,372.47,27165420,2026-08-03
2026-08-04,GOOG,366.52,377.669,366.16,375.35,19983340,2026-08-03
2026-08-05,GOOG,380,381.81,355.16,360.13,29436260,2026-08-03
2026-08-06,GOOG,358.792,361.96,355.83,356.62,16513400,2026-08-03
2026-08-07,GOOG,355.28,357.55,352.82,353.47,14516680,2026-08-03
